{"2": [[0.0, 0.04], [0.2857142857142857, 0.04], [0.7142857142857143, 0.04], [1.0, 0.04]], "3": [[0.0, 0.017142857142857144], [0.13333333333333333, 0.017142857142857144], [0.26666666666666666, 0.017142857142857144], [0.4, 0.017142857142857144], [0.6, 0.017142857142857144], [0.7333333333333334, 0.017142857142857144], [0.8666666666666667, 0.017142857142857144], [1.0, 0.017142857142857144]], "4": [[0.0, 0.008], [0.06451612903225806, 0.008], [0.12903225806451613, 0.008], [0.1935483870967742, 0.008], [0.25806451612903225, 0.008], [0.3225806451612903, 0.008], [0.3870967741935484, 0.008], [0.45161290322580644, 0.008], [0.5483870967741935, 0.008], [0.6129032258064516, 0.008], [0.6774193548387097, 0.008], [0.7419354838709677, 0.008], [0.8064516129032258, 0.008], [0.8709677419354839, 0.008], [0.935483870967742, 0.008], [1.0, 0.008]]}