{"2": [[0.0, 0.04], [0.2222222222222222, 0.04], [0.7777777777777778, 0.04], [1.0, 0.04]], "3": [[0.0, 0.017142857142857144], [0.11764705882352941, 0.017142857142857144], [0.23529411764705882, 0.017142857142857144], [0.35294117647058826, 0.017142857142857144], [0.6470588235294117, 0.017142857142857144], [0.7647058823529411, 0.017142857142857144], [0.8823529411764706, 0.017142857142857144], [1.0, 0.017142857142857144]], "4": [[0.0, 0.008], [0.06060606060606061, 0.008], [0.12121212121212122, 0.008], [0.18181818181818182, 0.008], [0.24242424242424243, 0.008], [0.30303030303030304, 0.008], [0.36363636363636365, 0.008], [0.42424242424242425, 0.008], [0.5757575757575757, 0.008], [0.6363636363636364, 0.008], [0.696969696969697, 0.008], [0.7575757575757576, 0.008], [0.8181818181818181, 0.008], [0.8787878787878788, 0.008], [0.9393939393939394, 0.008], [1.0, 0.008]]}