{"2": [[0.0, 0.04], [0.25, 0.04], [0.75, 0.04], [1.0, 0.04]], "3": [[0.0, 0.017142857142857144], [0.125, 0.017142857142857144], [0.25, 0.017142857142857144], [0.375, 0.017142857142857144], [0.625, 0.017142857142857144], [0.75, 0.017142857142857144], [0.875, 0.017142857142857144], [1.0, 0.017142857142857144]], "4": [[0.0, 0.008], [0.0625, 0.008], [0.125, 0.008], [0.1875, 0.008], [0.25, 0.008], [0.3125, 0.008], [0.375, 0.008], [0.4375, 0.008], [0.5625, 0.008], [0.625, 0.008], [0.6875, 0.008], [0.75, 0.008], [0.8125, 0.008], [0.875, 0.008], [0.9375, 0.008], [1.0, 0.008]]}