{"2": [[0.0, 0.04], [0.3333333333333333, 0.04], [0.6666666666666666, 0.04], [1.0, 0.04]], "3": [[0.0, 0.017142857142857144], [0.14285714285714285, 0.017142857142857144], [0.2857142857142857, 0.017142857142857144], [0.42857142857142855, 0.017142857142857144], [0.5714285714285714, 0.017142857142857144], [0.7142857142857143, 0.017142857142857144], [0.8571428571428571, 0.017142857142857144], [1.0, 0.017142857142857144]], "4": [[0.0, 0.008], [0.06666666666666667, 0.008], [0.13333333333333333, 0.008], [0.2, 0.008], [0.26666666666666666, 0.008], [0.3333333333333333, 0.008], [0.4, 0.008], [0.4666666666666667, 0.008], [0.5333333333333333, 0.008], [0.6, 0.008], [0.6666666666666666, 0.008], [0.7333333333333333, 0.008], [0.8, 0.008], [0.8666666666666667, 0.008], [0.9333333333333333, 0.008], [1.0, 0.008]]}